Attribute,Mean,Median,Mode,Range,Variance,Standard Deviation,Q1,Q3,IQR
cycle,293.0,291.0,1.0,612.0,34001.90476190476,184.39605408442114,131.0,454.0,323.0
mean_voltage,3.51678735254102,3.514628984583152,3.52982866886934,0.10008177809434216,0.001064651955649013,0.032629004821615584,3.4863761767461288,3.551108942839864,0.06473276609373535
min_voltage,2.6489385485025716,2.660192336887317,2.612467347907089,0.2443041332761009,0.0024157354956049516,0.04915013220333137,2.635904153469661,2.6827972215843543,0.04689306811469329
max_voltage,4.195982371789413,4.196905201182689,4.191491807505295,0.03838525492447609,2.1904468623032007e-05,0.004680221001516062,4.195429149426425,4.198993872303804,0.0035647228773791895
mean_current,-1.8070732390059003,-1.8166388432956144,-1.8187019641679727,0.2714346579583089,0.007127435264118083,0.08442413910794758,-1.8831500727122292,-1.7270563648104922,0.15609370790173704
mean_temperature,32.791318566030874,32.85692261921708,32.572328114029,2.980889228789959,0.5062380086711146,0.7115040468409962,32.280515797415404,33.36080409930303,1.0802883018876273
max_temperature,39.84511008029668,40.08075284943489,38.98218133148803,3.648896068034091,1.2425282718778863,1.1146875220786703,38.79055059808161,40.86625941171532,2.0757088136337103
discharge_time,3129.5238869047616,3086.078,2793.39,897.7489999999998,60476.30830442177,245.91931258935676,2901.3125,3324.6175000000003,423.3050000000003
capacity,1.572502064271753,1.5570854602045165,1.8564874208181572,0.5690348986802165,0.03604120775017144,0.1898452205091596,1.3887567783252805,1.770452913234017,0.38169613490873644
