Sr. No.,Attribute Name,Categorical / Numerical,Discrete / Continuous,Nominal / Ordinal / Interval / Ratio,Justification
1,cycle,Numerical,Discrete,Ratio,"Cycle number represents a count of battery charge/discharge cycles. It takes discrete integer values and has a meaningful zero, so it is a ratio-scale attribute."
2,mean_voltage,Numerical,Continuous,Ratio,"Mean voltage is a measured physical quantity that can take decimal values. Voltage has a meaningful zero, so it is classified as continuous and ratio."
3,min_voltage,Numerical,Continuous,Ratio,Minimum voltage is a physical measurement that can take decimal values. It has a meaningful zero point.
4,max_voltage,Numerical,Continuous,Ratio,Maximum voltage is a continuously measured physical quantity with a meaningful zero point.
5,mean_current,Numerical,Continuous,Ratio,"Mean current is a physical measurement that can take decimal values. Zero current represents absence of current, making the measurement ratio-scale."
6,mean_temperature,Numerical,Continuous,Interval,"Temperature measured in degrees Celsius is continuous. Celsius has an arbitrary zero point, therefore it is an interval-scale attribute."
7,max_temperature,Numerical,Continuous,Interval,"Maximum temperature in degrees Celsius is continuously measured. Celsius has no absolute zero, so it is interval-scale."
8,discharge_time,Numerical,Continuous,Ratio,"Discharge time is a measured quantity that can take decimal values. Zero time represents the absence of elapsed time, therefore it is ratio-scale."
9,capacity,Numerical,Continuous,Ratio,"Battery capacity is a measurable physical quantity that can take decimal values. It has a meaningful zero, making it continuous and ratio-scale."
