cycle,mean_voltage,min_voltage,max_voltage,mean_current,mean_temperature,max_temperature,discharge_time,capacity
1,3.52982866886934,2.612467347907089,4.191491807505295,-1.8187019641679727,32.572328114029,38.98218133148803,3690.234,1.8564874208181572
3,3.5373201277859714,2.587208728940726,4.189773213846608,-1.817559850661287,32.72523522519307,39.03339796678704,3672.344,1.846327249719927
5,3.5437367282719,2.65191689384378,4.188186735991303,-1.816486541884096,32.64286193755933,38.81879668981741,3651.641,1.835349194223408
7,3.5436661072601456,2.592947964776547,4.188461118855572,-1.8255891938692528,32.51487646204882,38.7623045063458,3631.563,1.8352625275821128
9,3.5423432526672167,2.547419651124539,4.188298524761055,-1.8261139590277584,32.38234901543077,38.66539257343368,3629.172,1.8346455082120416
11,3.541334734634757,2.5209480504077413,4.188815807948604,-1.8168108743168805,32.43418218230641,38.75169504640032,3652.281,1.8356616600675493
13,3.541025049507521,2.487927319492314,4.18839163793879,-1.816791144707133,32.480416444757985,38.8207012322275,3650.828,1.8351461429226603
15,3.554133296801584,2.665204904745877,4.188927891511958,-1.844341212075406,32.41046186109587,38.51713023385634,3572.453,1.8257567905665535
17,3.5529355991467955,2.603858472633368,4.189029250882121,-1.853972745505648,32.3461408313,38.526267904657,3550.594,1.8247738529891333
19,3.5512057319377,2.552853984885676,4.189223427076418,-1.853589933851096,32.27679750791685,38.52698128472781,3551.25,1.824613268496936
21,3.549292319740949,2.472448301852732,4.188916055911241,-1.863380178294828,32.15709350345252,38.54143406601644,3530.25,1.8246195526864504
24,3.559759220648976,2.64956413267546,4.189876247266316,-1.872968810287894,32.36407129853099,38.52197451768004,3491.016,1.814201935767392
26,3.558081969139198,2.5724981777366227,4.189286794768804,-1.8826095043160835,32.3181954403762,38.582485834057856,3470.281,1.8137521577549052
28,3.555692244172496,2.5249886697730286,4.188837765892728,-1.882536787636365,32.15709029211502,38.52029413487392,3470.0,1.8134404914735824
30,3.562746818017503,2.694621861688723,4.189110301768517,-1.8817935155260213,32.04407000314609,38.21358592965045,3450.297,1.8025980036306504
32,3.5614521756489204,2.64010141737067,4.18921207304098,-1.8921861285036712,31.93159367491153,38.1983618706913,3429.407,1.80210690024615
34,3.5603420474985823,2.573903509838096,4.188899969428112,-1.9027629207037409,31.941655359029298,38.31926916027133,3409.484,1.802579500826209
36,3.5591189041401865,2.4942396831720126,4.188779799856791,-1.913347060582244,31.965008645476725,38.4787542519308,3390.422,1.8030683142834096
38,3.557886771846508,2.4556793246645583,4.189272591516219,-1.9131602105481536,31.966241678512723,38.54659017774874,3390.281,1.802777624719604
41,3.5520375235511907,2.632142800798914,4.187614060563439,-1.8553455745575973,32.37143341978575,38.44749852224995,3591.734,1.8470259949329195
45,3.5525668436897124,2.5027764692056795,4.187628781108399,-1.8746995273150973,32.70024990461686,38.992275791716615,3552.297,1.847417311283644
49,3.556794038327039,2.617507742871704,4.187447226312926,-1.873827212788385,32.32266411829938,38.51424197364312,3531.578,1.8361774213478947
53,3.5614100044534203,2.694074478000972,4.187344026387161,-1.883193546754683,31.98795810666763,38.165816144899125,3492.907,1.825780747577624
57,3.556610794781798,2.6237674644021887,4.187438187636325,-1.873239184822504,31.894456524691385,38.16526203587147,3511.594,1.8251136435078368
61,3.5586742170266272,2.5010798299873738,4.18774138117799,-1.9139593751505897,31.78039681801023,38.27549578575718,3431.9370000000054,1.825581504220376
65,3.564103182686905,2.68499881852498,4.188261122540052,-1.9030532722310995,31.688747146342205,37.98216079918311,3431.125,1.814031127508391
69,3.559588063594272,2.547109116468133,4.187338767288234,-1.9134590742247917,31.596747992569156,38.11100191887773,3412.406,1.8147691941158937
73,3.556833231052199,2.471314764334132,4.187560306288175,-1.913620909902553,31.56558649878708,38.18831137948753,3410.688,1.813969388710352
77,3.5624410850948944,2.6613903306108773,4.18805176248713,-1.902581974571906,31.59124667045208,37.99854111908584,3410.718,1.802765665167823
81,3.5591407106855666,2.541762355407921,4.187667484260542,-1.9130621638638965,31.603485399391182,38.194201649765226,3392.719,1.804077040117352
85,3.5573161327793144,2.628919415830567,4.2010701773378685,-1.920618117118412,31.91556385491565,38.45796400011448,3470.672,1.8518025516704488
89,3.561870782772737,2.6312552691827045,4.1996223345495824,-1.9298830859597569,32.081128118597164,38.49126351534004,3414.109,1.8307038456739428
93,3.5617586337260088,2.654880745360911,4.199853323702163,-1.929300528480541,31.849792632896243,38.31473393357882,3395.219,1.8199041089501269
97,3.5597307651083123,2.6749688422803803,4.199103467081427,-1.923330987770314,31.465690433362017,37.861934640176806,3386.0,1.809307963702852
101,3.5575937553540915,2.6159705726789904,4.199998536865001,-1.9284469980320087,31.40934895665031,37.90665575786083,3368.187,1.80460990458052
105,3.5597237883937995,2.658447162110498,4.19967522099872,-1.9231439161693824,31.90224747551808,38.34003238560517,3368.266,1.7993770651972192
109,3.559061771422033,2.697942608427116,4.1991847248803165,-1.917014964043808,31.649024294808623,38.0745950590744,3358.719,1.7884432335370462
113,3.557015527748059,2.6617272246516333,4.200012480335,-1.922048805055383,31.48874626238971,38.07252758016199,3339.5,1.7829230484252725
117,3.5562481933590964,2.699288287625812,4.1992373656547874,-1.916230282154988,31.329995610092634,37.80133585100446,3331.265,1.7730337158018288
121,3.5532756526091784,2.612793240883853,4.199395781118708,-1.9220800182578983,31.569551201845574,38.39873985476869,3321.188,1.773037755078937
125,3.556266431640255,2.6637064901468075,4.199578698026071,-1.916241789031196,32.111426258867944,38.74929237918251,3321.844,1.7678721106662054
129,3.5563095420140822,2.6668454289754746,4.199546957512695,-1.915880982351776,32.271676011112376,38.87275464755104,3311.828,1.762315070409309
133,3.558950851054106,2.684431051981017,4.194091469340824,-1.911440626575304,31.842291659678654,38.503541429116005,3327.391,1.7676172924938447
135,3.5534418211598053,2.645224362345869,4.200715235801255,-1.9158166997544157,31.759815453754253,38.27009094548294,3312.078,1.762668359743147
139,3.5510121537420285,2.6603527244917,4.1990980807180325,-1.9151304155635371,31.41911167391793,38.11684755251712,3293.172,1.7517304870664143
143,3.551317608213948,2.6926849789916263,4.199398534411534,-1.914848578439364,31.331626572312267,38.04152715355532,3275.328,1.7418496047960008
147,3.549003180550162,2.670544734728978,4.199122915612965,-1.9144128654409127,31.35934131425137,38.17980302242767,3265.016,1.7360913511847138
149,3.559764834095517,2.605158060541757,4.190409478081396,-1.9388813849818085,34.31088483888259,40.71218198711114,3328.937,1.7936240148573608
153,3.5623454342368555,2.672012007453096,4.199933846791869,-1.927509725704535,33.43585640373788,39.88526123315293,3329.266,1.7831890223273277
157,3.558336657621618,2.674271233724938,4.199365021329158,-1.9267185977839405,32.66698125020078,39.18287352945846,3301.579,1.7673642076278957
161,3.554013138622869,2.6309416727017187,4.19902365945384,-1.9261308349663744,32.28423408691397,38.95156480403077,3283.563,1.7570177850353066
165,3.552376095886298,2.6629725743154204,4.199432142144215,-1.9202346781375208,32.00739178780946,38.607510759873634,3275.125,1.7468706179837907
169,3.549618661283733,2.612942119873717,4.199640922827531,-1.9201011498853635,32.06387071886056,38.920359903369054,3265.656,1.7417172507457144
173,3.54938103086703,2.615719844266148,4.199305653118061,-1.9144278105456467,32.43754560319043,39.23273115358871,3266.093,1.7364225056478186
177,3.547211868041896,2.6287695472774453,4.198949734540481,-1.908340706503589,32.16809876635083,38.9649270684008,3257.594,1.7263217239235826
181,3.5467052098640246,2.6655106679421823,4.19834220599025,-1.902207182631691,32.05752645824972,38.83927283461771,3248.593,1.7158065389330133
185,3.544629653883431,2.650495153350403,4.198995776266302,-1.9020484449938715,31.975920928072718,38.82796377704433,3238.766,1.710533351135192
189,3.5436291614253204,2.643236235233877,4.19916986492694,-1.8964907679062355,32.21689335291319,39.14007944734004,3240.14,1.706014499648521
193,3.5444946147995258,2.656450207001938,4.199246833083063,-1.895971437908019,32.55632993697177,39.349611598028886,3230.109,1.7003110272642588
197,3.5409201846556857,2.626177688152069,4.19925518864016,-1.889964879983928,32.40048085325998,39.29444535878087,3229.7810000000027,1.6945798601797897
201,3.541195668799061,2.6582230344240045,4.199610827671791,-1.889370382442051,32.29371860868794,39.10487658009542,3212.469,1.6849029086609286
205,3.540671044783382,2.695100237338448,4.1994453812630566,-1.8776883243431417,32.1360714480678,39.0462609369598,3213.219,1.6744741591159715
209,3.537604879026877,2.639091813583503,4.198991968341307,-1.8831065986697757,32.38268549723498,39.398032192832,3203.578,1.6745692479879102
213,3.538422485261741,2.6857210282450983,4.197785116892181,-1.876359921441716,32.30899951427637,39.10678394120843,3195.125,1.663716375981405
215,3.53928626988912,2.69017866510873,4.201331130571617,-1.870955026010444,32.56636929496716,39.44448954135193,3195.312999999994,1.659013868748246
219,3.533690170241391,2.639895313359579,4.199339974904826,-1.8705599868289544,32.46542951751835,39.509602016775695,3186.297,1.6538540573335014
223,3.534367734544495,2.68991452927918,4.198916244859707,-1.8640049795794804,32.347056454418095,39.33486536224533,3176.438,1.642653782130131
227,3.5312941932103548,2.65935818848874,4.198537488587242,-1.8636932149873204,32.371538940646154,39.43723270017243,3167.593,1.6378578430223698
231,3.5309134771684274,2.6657030585650423,4.198943932259475,-1.857820396301907,32.45549347979197,39.51375235624076,3167.719,1.6327350407099108
235,3.5287226893409893,2.642986759012803,4.199579806494986,-1.8572160981955343,32.50017194695606,39.60170302810528,3159.077999999994,1.6277528915533617
239,3.52625493581969,2.631116911889304,4.198782234828033,-1.8568340008006827,32.50100298369444,39.68746359758208,3148.829,1.622125485521159
243,3.528684324337005,2.696157404617167,4.19910517813207,-1.8448886500218813,32.4728927422438,39.53535075538898,3149.094,1.6113256603765849
247,3.525556939424901,2.6667596238241567,4.198510853141954,-1.8444180038305809,32.50480154634882,39.6502371632164,3140.547,1.6065631397488385
251,3.5226805646793737,2.6403185448373043,4.198732430468704,-1.843879038983512,32.51218336210202,39.69929058154853,3131.625,1.6015142233917594
255,3.524673458789008,2.69892986372897,4.198799630396931,-1.83711254029409,32.45692821941515,39.56076309770468,3121.907,1.590369231400328
259,3.5213155754526824,2.6682466504352997,4.198753541225669,-1.831595707598376,32.447059186431154,39.63708096307912,3122.125,1.5857889968242211
263,3.51803386486462,2.6479207279724903,4.200309982421394,-1.8311195242792309,32.32889654966259,39.43977047692484,3121.672,1.5849430707374117
265,3.52368419553968,2.6741633856529066,4.201124089732316,-1.843279976491472,32.84488475360107,39.83902225625452,3120.86,1.5955263892495937
269,3.519146638240668,2.6892528956736257,4.198150316653697,-1.829798505957538,32.31731555011648,39.41794949618613,3103.828,1.5747301747801037
273,3.516233648608237,2.688809122993162,4.198524048997099,-1.8236746835609148,32.06376130177751,39.262781682151214,3095.094,1.5649019950937946
277,3.514773138461639,2.6743555987897745,4.198840869468569,-1.817672077021088,32.21997626855924,39.47237839941986,3095.781,1.5597659473370362
281,3.5132992979150077,2.6430294964336345,4.198119631667182,-1.8179238657973995,32.7120225448885,40.03754146951368,3094.328,1.5594815668184234
285,3.514484830704665,2.6584858447131823,4.198320288264955,-1.817160673909645,32.945022147355694,40.14273016201157,3086.531,1.55468935359061
289,3.5109677353595243,2.629782173759164,4.1980467610750285,-1.8110297241968545,32.857549597381336,40.1165626728546,3085.625,1.5488741079890418
293,3.510935874957801,2.6622967647315545,4.199047008209673,-1.8094435644526072,32.629663328789654,39.87503330866132,3067.203,1.538236598942558
297,3.509393098217416,2.682380966742509,4.197669918520713,-1.8026537331443493,32.379859014262976,39.61961987024145,3058.157,1.527914258251028
301,3.5066782411556563,2.640189476892272,4.197600624105256,-1.8031542757366412,32.68215852457039,40.067324667444815,3058.812,1.5285252629756445
305,3.510988562300809,2.693769409137257,4.197985718630326,-1.7965666438696486,32.99387423636739,40.24716716520102,3058.578,1.522647325284378
309,3.510305462695178,2.695787450704935,4.198164128530042,-1.7959771394311956,33.04539707211165,40.30253125568348,3049.328,1.5174859938489869
312,3.5222215314850214,2.6920548172137724,4.222920057935785,-1.822916991757235,32.856295641052824,40.09418103142496,3177.219,1.605818899130659
315,3.5163492154331264,2.629071246219689,4.200423045909808,-1.8294275689587536,33.33950238056361,40.52238496316615,3082.937,1.5638491446744425
319,3.5134397623234963,2.631343871050918,4.198372063670128,-1.816317296828028,33.35156485472646,40.56886357314186,3074.266,1.5480915247767786
323,3.515137522009075,2.6983970036642315,4.198353213898968,-1.8033689952639715,33.147486361012966,40.27804845768325,3066.0,1.5323755631868592
327,3.50830390643132,2.6338485871981514,4.197873789078739,-1.802670753119494,33.00727586174936,40.2921849196155,3056.437,1.5269528268489705
331,3.509190808443004,2.671566207861818,4.197955644238241,-1.7958941337499832,32.91990812745461,40.184384347174266,3048.219,1.5169573017136326
335,3.5068097579555357,2.6540810507928123,4.197918434710392,-1.795344963527795,32.99903328622305,40.320066232195046,3039.218,1.511897596014269
339,3.50609090727422,2.656849703962618,4.197739340034368,-1.7893518988259454,33.03772281691292,40.33650561265159,3039.047,1.5065638960681105
343,3.5037157727265957,2.6363048614501152,4.19785490446139,-1.7883879159763685,33.07740307192613,40.43267631588412,3030.375,1.5015453526671363
347,3.506747996136716,2.69951692300468,4.197306756122815,-1.7815447770741009,33.05467981523988,40.314538591575015,3021.0,1.4908444050400238
351,3.5058813026542324,2.698216006032282,4.197528212001444,-1.775311564296696,33.11570360624461,40.386661855917744,3021.75,1.485868384561201
355,3.504168333530808,2.6911707598773864,4.19743662221161,-1.7742377662318358,33.12942148982364,40.43384612547835,3012.265,1.480413677976106
359,3.503056893147064,2.690162319231471,4.197717228550219,-1.773860289771637,33.130681310493344,40.44479269068758,3002.641,1.4752095869031632
363,3.4982324882487936,2.6355034454892072,4.192454851360723,-1.7809702419814517,33.20069210329718,40.58499656066617,3012.0,1.4859035988304024
366,3.5065859365661325,2.6594753656507684,4.202845001527377,-1.7879098523188452,33.78697527817091,40.99869158762305,3020.11,1.4960918298136696
370,3.501457140697961,2.644554999824577,4.197952808231904,-1.780229415660985,33.673365085761986,40.997807625227495,3002.172000000006,1.4808005946928984
374,3.501658387162809,2.6719601666204564,4.198017952345714,-1.7731015168894209,33.535818118317145,40.84213757482493,2992.703,1.4697543268466824
378,3.4966186408455298,2.6598211033173382,4.192162800008929,-1.7705879947441516,33.32269982188509,40.69012464267011,2964.468,1.4539012274845928
382,3.4991645719433246,2.688360455508818,4.196993378341778,-1.7600629827474803,33.346230327490304,40.69938049882204,2983.375,1.454146206723569
386,3.496080777360074,2.6376728619288525,4.197603515102162,-1.765575132998529,33.64948900485925,41.06026204078849,2975.297,1.455023751906683
390,3.4959014526387997,2.645120521151077,4.196406678544622,-1.7588271887545277,33.79269513542102,41.19696040482682,2974.9850000000006,1.449042163761236
394,3.49758697990267,2.698012437629632,4.197098662004674,-1.7516428147438297,33.52446663707275,40.84446688602949,2966.25,1.4386709371480566
398,3.4956989619989507,2.692894277298908,4.196909312093871,-1.7513097768253418,33.39042251934235,40.764203830749366,2956.359,1.433445432156979
402,3.492875380810072,2.6483923655058117,4.197105220217278,-1.7511840784846122,33.67370212742761,41.11212504270441,2956.344,1.4333958900838095
406,3.49551076423368,2.6832134764262,4.196244829545076,-1.7446206812145286,33.91080564765892,41.27256611507568,2956.406,1.42806487344776
410,3.494233359045084,2.684960445221862,4.19680260180666,-1.7436362428649814,33.7850680599871,41.15574924454392,2947.266,1.4229203181741186
414,3.491197414255986,2.669922120529456,4.196227405416926,-1.7425325036061032,33.61126807392732,41.03237216951879,2937.984,1.417429032731308
418,3.488909408157624,2.664105530655056,4.196558172556389,-1.7419837011363046,33.45598581472246,40.937269906716935,2929.125,1.412409228794446
422,3.487376295811431,2.634098605983684,4.196870541112335,-1.7421680980861822,33.723267448788484,41.240704611971786,2928.454,1.412578792940193
426,3.491994243745711,2.68378702970616,4.196795527524874,-1.735841378420618,34.050076369857344,41.43649987692296,2929.375,1.4075983731469897
430,3.491585878898649,2.660031949282934,4.189287343772767,-1.7567879869499758,33.889346908026745,41.16703904201915,2946.031,1.4333920485221476
432,3.495576227046425,2.650011641082063,4.201144545237731,-1.7573176114092577,34.067648550088656,41.36216559728765,2955.438,1.4382550176792908
436,3.4938988589692483,2.6936969083341418,4.196925753814179,-1.7427628393326555,33.75168100943646,41.02198772703674,2937.625,1.4173547174485526
440,3.49159162968384,2.697073130067154,4.196901090271507,-1.7352637407600366,33.46482299584788,40.78818812957494,2929.078,1.406981663677643
444,3.4885729299834787,2.6806995515145213,4.196688955833435,-1.7344350518111926,33.40210697922146,40.81506138506309,2918.375,1.4012037783587623
448,3.4869021151089825,2.6695398084864568,4.196339302740304,-1.7280392046289716,33.410688917712235,40.85837421987642,2919.812,1.3967008232726328
452,3.4855485210036417,2.671695307817951,4.196181412764837,-1.7326888725308258,33.38984948261314,40.839876773287166,2900.422,1.391284788852726
456,3.4838912547260388,2.661289185949965,4.195770804194879,-1.7260735249920125,33.3700433438796,40.85376069244676,2901.375,1.3862287677978349
460,3.483198941484065,2.667817533540102,4.195456241846729,-1.7195393742714091,33.27215987470977,40.74795214258888,2901.187,1.3804366761974138
464,3.4836274447098883,2.684008069130594,4.19654355365607,-1.7185829844462923,33.222444215660225,40.68794001196382,2891.64,1.3752364150256224
468,3.480172442538601,2.6585256208771644,4.194357133255019,-1.717672415155695,33.26207748383125,40.7810749453613,2882.906,1.3705128024895008
472,3.478452148610975,2.6372250579822927,4.195863681881766,-1.7177080769362936,33.312029905516525,40.88159339768709,2883.265,1.37050855662704
476,3.4785782556105507,2.6514257735606432,4.19558455466442,-1.7109669363015376,33.25287943255863,40.81191473576834,2882.969,1.3647355108681518
480,3.4825195584604582,2.676384659108382,4.188483624251573,-1.7184206130755166,33.745054045019884,41.11793533148924,2891.656,1.375392016895762
482,3.4886823636752826,2.694913850281781,4.200346502821317,-1.7260471943596487,33.88841975386692,41.248795355864885,2901.25,1.3861115151535393
484,3.4858502383832755,2.6973343716306277,4.1981749992980655,-1.712021613408506,33.7353756996425,41.16242984455477,2891.703,1.369850003583894
488,3.478794177297151,2.642540259937964,4.195715092938243,-1.711022510206629,33.59131052719714,41.16437554618679,2883.016,1.3647827949260758
492,3.4812826020756744,2.699226257883075,4.195755769877104,-1.703421414006958,33.32366688599416,40.86421618020504,2873.453,1.3543220466259964
496,3.480352041587074,2.676480329780849,4.195911764444989,-1.703574708739156,33.691961507697364,41.25434553511566,2874.031,1.3546417018378962
500,3.4781127815565127,2.642142168479886,4.195824004004723,-1.7034912994217155,33.887639684793655,41.45023191903855,2874.234,1.354703921319241
504,3.4765867130506125,2.644725254926797,4.196258226051591,-1.7023383270190764,33.67308060941856,41.27708509224051,2864.984,1.349314997503458
508,3.4733769291841643,2.632270655366611,4.196612664794988,-1.7014238498912502,33.411988203265814,41.06460515498328,2855.093,1.3441891937970554
512,3.4726366397371127,2.639100611887612,4.195850781215982,-1.6950436046971955,33.29926524979532,40.99284868101728,2855.625,1.3389913790695755
516,3.473439372740961,2.637841830893275,4.196002392961924,-1.695057731610264,33.59980731390034,41.29040553417739,2855.594,1.3389145230206971
520,3.4754777099091454,2.668286095904868,4.196207586734141,-1.6937809113323188,33.61961195858585,41.22740227746052,2847.437,1.3340066759761655
524,3.4722884821666766,2.649019812683856,4.195534582569042,-1.6869434054016963,33.3945201718652,41.04619550953222,2847.36,1.3286444309174914
528,3.471373665098864,2.664058512378051,4.1957439573980455,-1.6860649112944592,33.16734508187535,40.85874389007758,2837.328,1.323170899227622
532,3.472616016287509,2.6883611693898826,4.19586805747139,-1.6795829780331424,33.10962161613893,40.79196924883506,2837.281,1.3181691588445197
536,3.4738146874457896,2.6869753836302124,4.195347750909715,-1.679793840292355,33.46501751186519,41.14127834456325,2838.515,1.3184664436640334
540,3.4701426486639693,2.6507536817766586,4.196065828878837,-1.6851739865098712,33.4426191014044,41.14429319149828,2828.328,1.318293040102702
544,3.467523652225441,2.664632278910652,4.184534803011309,-1.686381203630258,33.037928170775885,40.66184230912503,2838.265,1.323872422244268
547,3.476752584083925,2.6400211837268666,4.201240476440081,-1.715777469309528,33.4949493613756,41.04669454497069,2864.547,1.3601216766554785
551,3.4758956827369127,2.674198661305034,4.195703567262997,-1.7007216920098716,33.491363029025784,41.0462053156659,2846.39,1.3395306867947354
555,3.475812179626641,2.696427051131168,4.195744519551191,-1.6928138295817332,33.329808599922345,40.8683026432256,2837.969,1.3290286565120697
559,3.4746554404904435,2.692834029769684,4.196363050482315,-1.6861104874993165,33.27302769298771,40.85283588259973,2838.156,1.3236741274998955
563,3.472301781313945,2.681747855329962,4.1957929878569455,-1.685043785043406,33.229879126701434,40.85270645265791,2829.843,1.318633896753293
567,3.4729305773503527,2.696791414385091,4.195797286482793,-1.678524839793589,33.20860833999321,40.8263251809212,2829.625,1.3134751321324272
571,3.4696192030612285,2.664695973142795,4.196349384378125,-1.6839115230941766,33.236115055926255,40.90308836809665,2819.437,1.3132020634442203
575,3.470018470757559,2.679191623358613,4.195609431921248,-1.6773783325850855,33.18660088296571,40.84337405460518,2819.579,1.3077959946944353
579,3.470762691935287,2.699983457940659,4.195339917236225,-1.676425373206175,33.174058099115534,40.81792110626284,2810.672,1.3030329186405918
583,3.468111467035994,2.666300786624286,4.19540205700612,-1.67627880896028,33.253984518546055,40.94699384765951,2811.485,1.3033573559038203
587,3.4648625780221494,2.630850137384784,4.195685302232799,-1.6817992883033976,33.3198093248819,41.07493805830632,2802.422,1.3034100438655642
591,3.467864133752208,2.673348140468748,4.195561297751176,-1.6750812261110135,33.33765795318198,41.02476444658572,2801.625,1.2978870806495706
595,3.464021404592563,2.632763831012711,4.196066962029683,-1.675366426273468,33.29076744042025,41.06214198725253,2802.031,1.2980735056918902
599,3.4664623858156745,2.6687371180046218,4.196640912532072,-1.6744879201095209,33.27568841807217,40.98366325567302,2793.39,1.293463613844243
603,3.46850906693551,2.696396337945361,4.1956235749123225,-1.6674467270234996,33.32067807371405,40.98234242711097,2793.39,1.288003392619118
607,3.466806213058136,2.6794834862925194,4.195862008850563,-1.6674702882406252,33.37314972896719,41.06375085817118,2792.485,1.2874525221379407
611,3.471070722008039,2.6787137407179737,4.18482689434833,-1.6888978346592105,33.71351889594897,41.047029587744966,2802.016,1.3090153642307354
613,3.475472204020004,2.655378369801326,4.201968615940368,-1.6979281889133206,33.86531768239223,41.051007697556734,2820.39,1.3250793286429356
